coordinate	copynumber
100000	-0.142921957
150000	-0.002974237
200000	-0.333772264
250000	0.021289703
300000	-0.134829499
350000	-0.024648527
400000	0.008168672
450000	-0.345056245
500000	-0.069550981
550000	-0.079913843
650000	0.040089076
700000	-0.028514767
750000	0.209480789
800000	0.040285197
850000	-0.211083607
900000	-0.071094581
950000	0.088841119
1000000	0.024384929
1050000	0.026080208
1100000	0.098493739
1150000	-0.044770897
1200000	-0.264827323
1250000	-0.337493711
1300000	-0.094604712
1350000	-0.17868215
1400000	-0.100960728
1450000	0.008410696
1500000	-0.030051847
1550000	-0.138843463
1600000	-0.23326462
1650000	-0.20239567
1750000	0.041012096
1800000	0.039668232
1850000	-0.16989315
1900000	-0.091895047
1950000	0.027867174
2000000	0.149278369
2050000	-0.150169225
2100000	-0.232794239
2150000	-0.118344832
2200000	-0.121155914
2250000	0.061369399
2300000	-0.011368814
2350000	0.001714594
2400000	-0.061939871
2450000	0.029612334
2500000	0.008263514
2550000	-0.10368072
2600000	-0.085335439
2650000	-0.054908122
2700000	0.06575175
2750000	-0.101328591
2800000	-0.14781686
2850000	-0.222455661
2900000	0.079693421
2950000	0.040631937
3000000	0.093875785
3050000	-0.101724304
3100000	-0.133196535
3150000	0.097850704
3200000	-0.049082169
3250000	-0.039530715
3300000	-0.194463658
3350000	0.000424651
3400000	-0.04151157
3450000	-0.00991252
3500000	0.042247859
3550000	0.081186289
3650000	-0.078913452
3700000	0.003983657
3750000	0.007042699
3800000	-0.201758241
3850000	0.011611868
3900000	-0.144399731
3950000	0.077702548
4000000	-0.255228418
4050000	0.124506336
4100000	0.160468608
4150000	0.173408197
4200000	0.138124229
4250000	0.002661381
4300000	-0.050747428
4350000	0.055764183
4400000	-0.16407778
4450000	-0.148793614
4500000	-0.160602916
4550000	-0.014422203
4600000	0.058554285
4650000	0.025097972
4700000	0.032134455
4750000	0.052408561
4800000	-0.040173587
4850000	-0.061884066
4900000	0.108056985
4950000	-0.124142209
5000000	0.101810102
5050000	-0.106333813
5100000	0.0487302
5150000	-0.069342811
5200000	-0.036271584
5250000	-0.092345759
5300000	0.06573669
5350000	0.066962596
5400000	0.084513792
5450000	0.001160714
5500000	0.061990882
5550000	0.300277363
5600000	0.148881851
5650000	0.101683203
5700000	-0.057709192
5750000	0.060396965
5800000	-0.002819985
5850000	-0.075943256
5900000	-0.264289237
5950000	0.062090228
6000000	-0.097710425
6050000	0.02662524
6100000	-0.117440654
6150000	0.035193379
6200000	0.055447483
6250000	0.06501108
6300000	-0.152508862
6350000	0.029253609
6400000	0.011343146
6450000	0.057978005
6500000	-0.397034001
6550000	-0.0738182
6600000	0.003607976
6650000	-0.167734663
6700000	-0.125191428
6750000	-0.058563605
6800000	-0.107026229
6850000	-0.086810077
6900000	-0.244043703
6950000	-0.147030377
7000000	0.089305784
7050000	-0.068335358
7100000	-0.164543299
7150000	-0.122292996
7200000	0.050410919
7250000	0.057712375
7300000	-0.1333898
7350000	0.050584009
7400000	-0.086742594
7450000	-0.194863597
7500000	0.067179431
7550000	0.065628514
7600000	-0.060512315
7650000	-0.094885859
7700000	0.082119779
7750000	-0.090288241
7800000	-0.079212143
7850000	0.029269634
7900000	0.039255611
7950000	0.192790875
8000000	-0.016097343
8050000	-0.248395727
8100000	0.023269723
8150000	0.1325646
8200000	-6.42E-05
8250000	0.04543543
8300000	0.060458914
8350000	0.060906086
8400000	0.041757325
8450000	0.121441369
8500000	-0.075588648
8550000	-0.09915153
8600000	-0.077618369
8650000	-0.091914653
8700000	0.286883474
8750000	0.017807016
8800000	0.03417453
8850000	0.138879255
8900000	-0.149589229
8950000	0.298691525
9000000	0.036721942
9050000	0.078229296
9100000	-0.064356209
9150000	0.042064695
9200000	-0.185599177
9250000	0.0408793
9300000	0.032918471
9350000	-0.097769535
9400000	-0.118780381
9450000	-0.05955187
9500000	-0.140119599
9550000	0.046966016
9600000	0.068121891
9650000	0.150100463
9700000	-0.01088547
9750000	0.038317307
9800000	-0.036285206
9850000	0.05037603
9900000	-0.005414876
9950000	-0.019987957
10000000	0.053913511
10050000	0.089469124
10100000	0.061535038
10150000	0.037362874
10200000	0.047415427
10250000	-0.039377151
10300000	-0.139566901
10350000	0.06991115
10400000	0.123543146
10450000	-0.023095003
10500000	0.049365879
10550000	-0.092194058
10600000	-0.125367083
10650000	0.027582486
10700000	0.116633715
10750000	-0.049014697
10800000	-0.008192512
10850000	-0.120247179
10900000	-0.014678676
10950000	-0.19533903
11000000	-0.151492357
11050000	0.042339314
11100000	-0.004451812
11150000	0.058429274
11200000	-0.121097539
11250000	-0.025914923
11300000	-0.102777334
11350000	0.098917544
11400000	-0.018441043
11450000	0.147688119
11500000	-0.079231808
11550000	-0.083357901
11600000	-0.045435959
11650000	0.061282544
11700000	-0.175600844
11750000	-0.129595055
11800000	0.000212293
11850000	0.052406269
11900000	0.054991761
11950000	-0.028339546
12000000	0.108749277
12050000	-0.220904825
12100000	0.027298024
12150000	0.154229355
12200000	0.073739733
12250000	-0.080310621
12300000	-0.257248896
12350000	-0.068674859
12400000	0.019262513
12450000	0.167772083
12500000	0.062498854
12550000	0.072638221
12600000	0.010340566
12650000	0.014504114
12700000	-0.044514133
12750000	0.125092765
12800000	-0.106342852
12850000	-0.218172579
12900000	0.077450702
12950000	0.041327998
13000000	0.075743908
13050000	-0.080623999
13100000	-0.00182493
13150000	-0.049848591
13200000	-0.090892511
13250000	0.14486521
13300000	-0.056279206
13350000	-0.048654197
13400000	-0.043397915
13450000	0.095027787
13500000	0.004422756
13550000	-0.090695056
13600000	-0.091078131
13650000	-0.08046369
13700000	0.013587432
13750000	0.160384117
13800000	0.011590647
13850000	-0.06892644
13900000	-0.064637265
13950000	0.024264505
14000000	0.168733124
14050000	0.075422282
14100000	0.053982009
14150000	0.276850531
14200000	0.131295492
14250000	0.012010369
14300000	0.148449903
14350000	0.000366988
14400000	0.079158988
14450000	-0.062648371
14500000	-0.228903997
14550000	0.098783367
14600000	-0.165401055
14650000	-0.038050633
14700000	0.040095414
14750000	0.134191531
14800000	0.075491127
14850000	0.040952108
14900000	0.119416295
14950000	0.086912797
15000000	0.205657382
15050000	0.086285387
15100000	0.116058609
15200000	-0.127637731
15250000	-0.069696315
15300000	0.062498854
15350000	0.062414283
15400000	-0.155357054
15450000	0.24444126
15500000	-0.035460535
15550000	0.128816641
15600000	0.108496709
15650000	0.080830827
15700000	0.158703128
15750000	-0.083506075
15800000	-0.194674163
15850000	-0.118052882
15900000	0.140045482
15950000	-0.105334057
16000000	-0.007544514
16050000	-0.0344917
16100000	-0.08140192
16150000	-0.138780501
16200000	-0.121774939
16250000	-0.075531804
16300000	0.12173485
16350000	0.028787858
16400000	0.061551763
16450000	-0.133196759
16500000	0.032099222
16550000	0.009438522
16600000	0.01094849
16650000	0.021438778
16700000	0.063426862
16750000	0.173077016
16800000	0.074969366
16850000	0.003879003
16900000	-0.239132637
16950000	0.109760864
17000000	-0.176541172
17050000	0.119910858
17100000	0.002192246
17150000	0.001017283
17200000	-0.019005119
17250000	0.027528825
17300000	0.024984186
17350000	0.005381702
17400000	0.106204083
17450000	-0.105948629
17500000	0.022541353
17550000	0.014508255
17600000	-0.026931141
17650000	-0.021908992
17700000	0.090545532
17750000	-0.125970121
17800000	0.138124229
17850000	-0.073822867
17900000	-0.03795159
17950000	-0.210134283
18000000	0.069858904
18050000	0.004817737
18100000	-0.041779326
18150000	0.027717521
18200000	-0.027619898
18250000	0.115619786
18300000	0.007073888
18350000	-0.091844168
18400000	-0.124221765
18450000	0.01197043
18500000	0.063903445
18550000	-0.299586419
18600000	0.309636208
18650000	-0.100369214
18700000	-0.137226405
18750000	-0.044250512
18800000	0.144818172
18850000	0.113258699
18900000	-0.026077681
18950000	-0.053834983
19000000	0.010923097
19050000	-0.009656786
19100000	-0.038081572
19150000	-0.141846583
19200000	0.044098401
19250000	-0.422274093
19300000	-1.004611834
19350000	-0.935205436
19400000	-0.815312892
19450000	-1.008341439
19500000	-1.244364024
19550000	-0.922322482
19600000	-1.133169042
19650000	-1.054146288
19700000	-0.856476083
19750000	-1.131947518
19800000	-0.937702425
19850000	-1.205989482
19900000	-1.07224016
19950000	-0.754951689
20000000	-1.041654306
20050000	-0.928380327
20100000	-1.073619161
20150000	-1.096215663
20200000	-1.150169225
20250000	-0.792654297
20300000	-1.131087198
20350000	-0.916248444
20400000	-0.986385199
20450000	-1.272953459
20500000	-0.829909951
20550000	-0.951189343
20600000	-1.122609043
20650000	-1.270706475
20700000	-1.086194724
20750000	-1.00372375
20800000	-0.942184421
20850000	-0.836282108
20900000	-1.036711863
20950000	-1.240497529
21000000	-1.026168413
21050000	-0.740817415
21100000	-0.970870829
21150000	-1.014622599
21200000	-1.08773977
21250000	-0.867092961
21300000	-0.963081694
21350000	-0.908642416
21400000	-0.924483031
21450000	-0.730437852
21500000	-1.081127291
21550000	-1.103365242
21600000	-0.96881891
21650000	-1.209425114
21700000	-1.194863597
21750000	-1.113096465
21800000	-1.092944356
21850000	-1.045521865
21900000	-0.765110293
21950000	-1.087033485
22000000	-0.928702603
22050000	-0.881356068
22100000	-1.188578442
22150000	-1.102570298
22200000	-0.902983885
22250000	-0.831773653
22300000	-1.146394638
22350000	-1.093457685
22400000	-0.946836364
22450000	-1.010738372
22500000	-0.782561085
22550000	-1.19833637
22600000	-0.899540084
22650000	-0.839138591
22700000	-1.215497351
22800000	-1.164543299
22900000	-1.054513849
22950000	-0.877438321
23000000	-0.877939704
23050000	-0.851313184
23150000	-1.127686831
23200000	-1.07590511
23250000	-0.916817593
23300000	-0.906542705
23350000	-0.991080506
23400000	-1.209387885
23450000	-0.700943075
23500000	-1.056778327
23550000	-0.954104364
23600000	-0.989726514
23650000	-1.012593149
23700000	-0.953020794
23750000	-1.100577983
23800000	-1.140060804
23850000	-1.022262078
23900000	-1.092940626
23950000	-0.772996775
24000000	-1.282051704
24050000	-0.85548559
24150000	-1.107436101
24200000	-0.847074085
24250000	-1.144147259
24300000	-0.925985477
24350000	-1.012387827
24400000	-0.924866651
24450000	-1.026851382
24500000	-0.989124092
24550000	-1.005764256
24600000	-1.043821968
24650000	-1.133429353
24700000	-0.962661645
24800000	-0.952491248
24850000	-0.805739647
24900000	-1.442375667
24950000	-0.793793382
25000000	-1.108276131
25050000	-0.894299286
25100000	-0.966097351
25150000	-1.111521291
25200000	-0.97120905
25250000	-0.934971113
25300000	-0.7331443
25350000	-1.27140056
25400000	-1.087026934
25450000	-0.850718799
25550000	-1.027052677
25600000	-1.216792763
25650000	-1.137141988
25700000	-1.177660631
25750000	-1.127516656
25800000	-0.857835323
25850000	-1.103574375
25900000	-1.068251538
25950000	-0.941917745
26000000	-0.957946392
26050000	-0.941566054
26100000	-0.986637772
26150000	-1.004200986
26200000	-1.098878737
26250000	-0.836413213
26300000	-0.936466664
26350000	-1.170578302
26400000	-1.271449302
26450000	-1.273590741
26500000	-1.102589756
26550000	-1.118029764
26600000	-1.036590722
26650000	-1.071379779
26700000	-0.874413611
26750000	-0.856943833
26800000	-0.955318266
26850000	-0.935817781
26900000	-1.147142786
26950000	-0.729050914
27000000	-0.911181975
27050000	-1.182184167
27100000	-0.997126476
27150000	-1.001792917
27200000	-0.714014974
27250000	-0.833330321
27300000	-0.936703383
27350000	-1.153358454
27400000	-0.949415991
27450000	-1.00372375
27500000	-1.126249629
27550000	-0.801769108
27600000	-1.247488319
27650000	-0.89302622
27700000	-0.976279869
27750000	-1.09525658
27800000	-1.126604273
27850000	-1.061214565
27900000	-1.064261451
27950000	-0.961115502
28000000	-0.936689774
28050000	-0.968347071
28100000	-1.112021644
28150000	-1.01926026
28200000	-1.039647515
28250000	-0.974967957
28300000	-0.848617751
28350000	-0.840186206
28400000	-0.797344102
28450000	-1.298907432
28500000	-1.105082467
28550000	-0.809187165
28600000	-1.164489183
28650000	-1.126069151
28700000	-0.852810064
28750000	-0.921333143
28800000	-0.922622704
28850000	-0.897121661
28900000	-0.884357735
28950000	-0.959252859
29000000	-1.147749256
29050000	-1.234931313
29100000	-1.078697505
29150000	-1.157668109
29200000	-1.340281734
29250000	-0.88978523
29300000	-0.820931544
29350000	-1.058215553
29400000	-0.955840758
29450000	-0.920483254
29500000	-1.100981676
29550000	-1.166944938
29600000	-0.806108875
29650000	-0.764336592
29700000	-1.114582392
29750000	-1.144358166
29850000	-0.989506721
29900000	-0.750558253
29950000	-0.779074691
30000000	-0.938276613
30050000	-1.007368625
30100000	-0.98052624
30150000	-1.022700399
30200000	-0.681318652
30250000	-0.998281996
30300000	-1.007920828
30350000	-0.997078161
30400000	-0.81529831
30450000	-0.804010546
30500000	-1.054534379
30550000	-1.398778433
30600000	-0.703397562
30650000	-1.244820441
30700000	-1.020684704
30750000	-0.804945747
30800000	-1.035063802
30850000	-1.026404678
30900000	-1.004970355
30950000	-1.158313133
31000000	-0.824438483
31050000	-0.948983148
31100000	-0.811614442
31150000	-0.994472268
31200000	-0.780700563
31250000	-1.107334307
31300000	-0.863540937
31350000	-0.932268722
31400000	-0.674042738
31450000	-0.890326418
31500000	-0.982912617
31550000	-0.938723835
31600000	-0.899003527
31650000	-0.940158753
31700000	-1.008189308
31750000	-1.115749368
31800000	-1.000420079
31850000	-1.347625815
31900000	-1.108898761
31950000	-1.171653659
32000000	-1.213442278
32050000	-1.028439161
32100000	-1.274082398
32150000	-0.916917045
32200000	-0.834931699
32250000	-0.904149749
32300000	-1.065353837
32350000	-1.065362319
32400000	-0.778430739
32450000	-1.274260719
32500000	-0.959404081
32550000	-0.765493793
32600000	-0.993662779
32650000	-0.929710635
32700000	-1.139591242
32750000	-0.887882442
32800000	-1.162589425
32850000	-0.830141627
32900000	-1.107632647
32950000	-1.154551918
33000000	-0.796310284
33050000	-0.878558631
33100000	-1.011796858
33150000	-1.000965702
33200000	-0.866663043
33250000	-1.039910161
33300000	-0.720740723
33350000	-1.120906634
33400000	-1.002227026
33450000	-1.198199471
33500000	-0.895348008
33600000	-1.067841011
33650000	-1.020701342
33700000	-1.448117973
33750000	-1.03191242
33800000	-0.825914949
33850000	-0.939446832
33900000	-0.866003604
33950000	-1.134482337
34000000	-0.843575808
34050000	-0.865469704
34150000	-0.779741779
34200000	-0.804190495
34250000	-0.953594306
34300000	-0.841912143
34350000	-1.086194724
34400000	-1.006165818
34500000	-1.200774755
34550000	-1.156763907
34600000	-0.897991949
34650000	-0.898493658
34700000	-0.944657391
34750000	-0.775501009
34800000	-0.918875373
34850000	-0.775334677
34900000	-1.024938595
34950000	-0.947258547
35000000	-0.864825644
35050000	-1.268379191
35100000	-0.972875854
35150000	-1.200592886
35200000	-1.002271871
35250000	-0.992582537
35300000	-0.898649239
35350000	-1.146976026
35400000	-1.008739015
35450000	-1.026077681
35500000	-0.984222236
35550000	-1.203444373
35600000	-0.869782361
35650000	-1.013013029
35700000	-1.091418796
35750000	-0.795475582
35800000	-0.946035259
35850000	-1.058314173
35900000	-1.061671651
35950000	-0.877380623
36000000	-1.021837566
36050000	-0.968620457
36100000	-1.163977852
36150000	-1.143988643
36200000	-1.132523677
36250000	-0.88588726
36300000	-0.918125067
36350000	-0.805301943
36400000	-0.894382265
36450000	-1.041288451
36500000	-1.127774931
36550000	-0.932582607
36600000	-1.064261451
36650000	-1.024986296
36700000	-0.812238457
36750000	-1.236263876
36800000	-1.057645726
36850000	-1.080542845
36900000	-0.925676937
36950000	-0.943663591
37000000	-0.877914582
37050000	-1.115542055
37100000	-0.932532691
37150000	-0.97321565
37200000	-0.980636816
37250000	-0.971283894
37300000	-0.911724002
37350000	-1.004611834
37400000	-0.671931216
37450000	-1.072220985
37500000	-1.078683973
37550000	-0.892802214
37600000	-0.885790418
37650000	-0.823748981
37700000	-0.911242113
37750000	-0.962572492
37800000	-0.96746936
37850000	-0.888625034
37900000	-1.195119047
37950000	-0.962911708
38000000	-1.051462505
38050000	-1.033871739
38150000	-1.090080113
38200000	-0.983740934
38250000	-0.732606285
38300000	-0.924779032
38350000	-0.826972258
38400000	-0.994239839
38500000	-1.120504149
38550000	-1.07890505
38600000	-1.226375705
38650000	-1.106619208
38700000	-1.116432433
38750000	-0.802792048
38800000	-0.78443262
38850000	-0.696353969
38900000	-0.882321073
38950000	-0.666152565
39000000	-0.81212748
39050000	-0.875775848
39100000	-0.973295991
39150000	-0.943435553
39200000	-1.014601709
39250000	-0.925091728
39300000	-1.093421791
39350000	-0.907362013
39400000	-0.887460115
39450000	-1.280728823
39500000	-0.942807097
39550000	-0.848987358
39600000	-1.161703267
39650000	-1.051279374
39700000	-1.045173447
39750000	-1.105702261
39800000	-0.788783208
39850000	-0.934390579
39900000	-0.996554401
39950000	-1.111447589
40050000	-0.90876515
40100000	-1.04299895
40150000	-1.076879784
40200000	-0.751248379
40250000	-1.195131692
40350000	-0.929315152
40400000	-0.92416272
40450000	-0.972269039
40500000	-1.031325483
40550000	-1.020061746
40600000	-1.194267814
40650000	-1.096738801
40700000	-1.077909131
40750000	-0.988502585
40800000	-1.185375805
40850000	-1.085561275
40900000	-0.924265137
40950000	-1.207080073
41000000	-1.151945614
41050000	-0.861221921
41100000	-1.3041261
41150000	-1.039488391
41200000	-1.1269878
41250000	-0.902330007
41300000	-0.824741075
41350000	-0.866663043
41400000	-0.883465601
41450000	-0.887522422
41500000	-0.860171934
41600000	-0.860492916
41650000	-0.938268565
41700000	-1.0653547
41750000	-1.071191753
41800000	-0.679642126
41850000	-0.96034728
41900000	-0.783068027
41950000	-1.14131686
42000000	-0.966264371
42050000	-1.037287111
42100000	-1.26767306
42150000	-1.11567501
42200000	-1.06498831
42250000	-1.023481312
42300000	-0.84206323
42350000	-1.051683889
42400000	-1.06046952
42450000	-1.125834831
42500000	-1.102424737
42550000	-1.122706792
42600000	-1.138052688
42650000	-1.1333898
42700000	-1.065086289
42750000	-0.909482288
42800000	-1.173269139
42850000	-0.885724141
42900000	-0.709766141
42950000	-0.788308901
43000000	-1.02091016
43050000	-0.811713409
43100000	-1.212357184
43150000	-1.033023801
43200000	-0.903442409
43300000	-1.039205304
43350000	-0.910694216
43400000	-1.129837092
43450000	-0.876831639
43500000	-0.899119783
43550000	-0.779897843
43600000	-1.049775541
43650000	-0.742750439
43700000	-1.092935757
43750000	-1.044117731
43800000	-0.726840301
43850000	-0.766951593
43900000	-0.99432869
43950000	-1.009525781
44000000	-1.139365758
44050000	-0.971902699
44100000	-0.977203095
44150000	-1.046735313
44200000	-0.941466467
44250000	-0.938723835
44300000	-0.991538986
44350000	-0.930742307
44400000	-0.949077536
44450000	-0.840653015
44500000	-0.908662093
44550000	-0.924937859
44600000	-1.222026991
44650000	-0.990407282
44700000	-1.415993661
44750000	-1.012972321
44800000	-1.304824146
44850000	-0.798384101
44900000	-1.019477034
44950000	-0.89547233
45000000	-1.140481606
45050000	-1.130034614
45100000	-1.159338801
45150000	-1.135264449
45200000	-0.93264902
45250000	-0.861577618
45300000	-0.933618189
45350000	-0.974508135
45400000	-0.888439266
45450000	-1.076809744
45500000	-1.180654131
45550000	-0.939276471
45600000	-1.156417293
45650000	-1.13931133
45700000	-0.89213329
45750000	-0.901764099
45800000	-0.884727599
45850000	-0.947082658
45900000	-0.886506339
45950000	-0.811744072
46000000	-0.799495097
46050000	-1.044419133
46100000	-1.374547114
46150000	-0.789999577
46200000	-0.973449307
46250000	-0.772996775
46300000	-1.008651192
46350000	-0.620914487
46400000	-1.018024747
46450000	-0.811342724
46500000	-0.822679991
46550000	-0.950960583
46600000	-1.126254307
46650000	-0.901881019
46700000	-1.258508937
46750000	-0.68666186
46850000	-0.655577788
46900000	-1.044758072
46950000	-0.742492772
47000000	-0.745743861
47050000	-0.962410331
47100000	-0.712192539
47150000	-0.821971803
47200000	-1.157382667
47250000	-0.928134216
47300000	-1.152069722
47350000	-1.091380998
47400000	-0.999685736
47450000	-1.188049905
47500000	-1.051784125
47550000	-0.87057383
47600000	-0.900237056
47650000	-1.034240503
47700000	-1.163962709
47750000	-0.740662964
47800000	-0.934056296
47850000	-1.333047501
47900000	-1.04231211
47950000	-0.9856333
48000000	-0.896079857
48050000	-0.89047962
48100000	-1.081896556
48150000	-0.883487541
48200000	-0.832391452
48300000	-1.017888436
48350000	-1.018387023
48400000	-0.917032779
48450000	-0.884616502
48500000	-0.810969968
48550000	-1.042509351
48600000	-0.744427366
48650000	-0.920509297
48700000	-0.810355384
48750000	-1.120545091
48800000	-1.257109319
48850000	-1.025585204
48900000	-0.853289254
48950000	-1.033744274
49000000	-1.024454175
49050000	-1.009159101
49100000	-0.939606157
49150000	-0.852863212
49200000	-0.782647914
49300000	-1.00622893
49350000	-0.645359675
49400000	-1.234337705
49450000	-1.219322152
49500000	-0.813372624
49550000	-0.984539288
49600000	-1.075803329
49650000	-0.913326294
49700000	-0.68276144
49750000	-0.874717834
49800000	-0.973034214
49850000	-0.659546618
49900000	-1.168987257
49950000	-0.977437771
50000000	-1.108794957
50050000	-1.061765049
50100000	-0.959056918
50150000	-0.842049115
50200000	-0.693583777
50250000	-0.903904072
50300000	-1.016124561
50350000	-0.658606466
50400000	-0.758200821
50450000	-0.900204341
50500000	-1.000806344
50550000	-0.832623816
50600000	-0.938046252
50650000	-0.974921359
50700000	-0.847614925
50750000	-0.917573456
50800000	-1.063647116
50850000	-0.853829185
50900000	-0.956659038
50950000	-0.89624535
51000000	-0.958831169
51050000	-0.894970447
51100000	-0.986023798
51150000	-0.817606604
51200000	-0.950579996
51250000	-0.870850813
51300000	-1.203489307
51400000	-0.82293523
51450000	-1.03944988
51500000	-0.888063069
51550000	-0.78184447
51600000	-1.078077386
51650000	-0.689202018
51700000	-0.832252029
51750000	-0.736809563
51800000	-0.970361363
51850000	-0.925676937
51900000	-1.061936452
51950000	-0.916371908
52000000	-0.880438851
52050000	-0.779623615
52100000	-1.140986984
52150000	-0.805434734
52200000	-0.705081694
52250000	-0.900835184
52300000	-0.888445321
52350000	-0.976355286
52400000	-1.12615011
52450000	-0.96616324
52500000	-0.860595936
52550000	-1.111841957
52600000	-0.92392698
52650000	-1.217210015
52700000	-1.165376696
52750000	-0.880129204
52800000	-0.897110033
52850000	-0.771493444
52900000	-0.863433593
52950000	-1.056161727
53000000	-0.975617921
53050000	-1.000549164
53100000	-1.00625839
53150000	-0.765878283
53200000	-1.009284304
53250000	-0.799828175
53300000	-0.806777634
53350000	-1.080202261
53450000	-0.896627503
53500000	-0.986754569
53550000	-0.878180756
53600000	-0.977203095
53650000	-0.812304029
53700000	-0.917824863
53750000	-1.208886033
53800000	-0.95599955
53850000	-0.871829774
53900000	-1.015689322
53950000	-1.173303578
54000000	-0.732425637
54050000	-1.143652725
54100000	-1.24805666
54150000	-0.928754841
54200000	-1.231601826
54250000	-0.988994837
54300000	-1.150823977
54350000	-0.917781103
54400000	-0.987589576
54450000	-1.13591886
54500000	-1.076418491
54550000	-0.977214017
54600000	-0.9559498
54650000	-1.005450821
54700000	-1.266588099
54750000	-1.184043151
54800000	-0.857925406
54850000	-1.084141469
54900000	-0.887329205
54950000	-1.019005119
55000000	-1.002549068
55050000	-0.978077408
55100000	-0.934373247
55150000	-1.041372366
55200000	-0.863408725
55250000	-1.108374894
55300000	-0.892375995
55350000	-0.763849212
55400000	-0.834853094
55450000	-1.20556369
55500000	-1.014137171
55550000	-1.008795509
55600000	-1.200602599
55650000	-1.004435485
55700000	-1.165506697
55750000	-1.004872761
55800000	-0.920628339
55850000	-0.876171542
55900000	-0.936118321
55950000	-0.782604633
56000000	-0.92840714
56050000	-0.943787314
56100000	-1.048017781
56150000	-1.275428278
56200000	-1.207779915
56250000	-0.946352283
56300000	-1.081278672
56350000	-1.03429046
56400000	-0.815007589
56450000	-1.017943853
56500000	-0.95263652
56550000	-0.958831169
56600000	-0.7778229
56650000	-1.027240104
56700000	-1.165777993
56750000	-1.047192248
56800000	-0.728076977
56850000	-1.05249778
56900000	-1.141593037
56950000	-1.076885538
57000000	-1.001049925
57050000	-1.001404462
57100000	-1.078319436
57150000	-0.829831428
57200000	-0.931370365
57250000	-1.1319015
57300000	-1.296348479
57350000	-0.804380611
57400000	-0.903285482
57450000	-0.993179336
57500000	-1.058095949
57550000	-0.916805385
57600000	-1.308063719
57650000	-1.510812989
57700000	-0.791393539
57750000	-0.668635481
57800000	-1.034285472
57850000	-0.897983945
57900000	-1.053933367
57950000	-1.089884646
58000000	-1.001268201
58050000	-1.090752465
58100000	-1.113076069
58150000	-0.843560515
58200000	-1.078749904
58250000	-1.070007347
58300000	-0.855742057
58350000	-0.987567129
58400000	-0.847922108
58450000	-1.026893455
58500000	-1.04795507
58550000	-1.030301419
58600000	-0.957411189
58650000	-0.922827704
58700000	-1.110464615
58750000	-1.212538192
58800000	-0.964328727
58900000	-0.711552194
58950000	-0.8908453
59000000	-0.93844654
59050000	-0.82362376
59100000	-0.795201455
59150000	-1.163502834
59200000	-1.144358166
59250000	-0.916395903
59300000	-0.787412087
59350000	-0.8674354
59400000	-0.846820471
59450000	-1.177635775
59500000	-1.216351831
59550000	-0.983924953
59600000	-1.047833296
59650000	-1.01692768
59700000	-0.923216866
59750000	-1.183484738
59800000	-1.13003753
59850000	-1.055425117
59900000	-1.264024857
59950000	-1.252089916
60000000	-0.787592084
60050000	-1.165374732
60100000	-0.861926413
60150000	-0.989095238
60200000	-1.06175434
60250000	-1.110429809
60300000	-1.753386183
60350000	-5.612300669
60400000	-6.611367179
60450000	-7.60644633
60500000	-7.596658023
60550000	-6.020009191
60600000	-2.820242202
60650000	-1022
60700000	-1022
60750000	-1.78435282
60800000	-0.878182293
60850000	-1.126488773
60900000	-0.965267041
60950000	-0.843107865
61000000	-1.045524809
61050000	-1.151394577
61100000	-1.071145739
61150000	-0.916803116
61200000	-1.060414161
61250000	-0.949182189
61300000	-1.09732915
61350000	-0.822447945
61400000	-0.840115916
61450000	-1.075105906
61500000	-0.963665702
61550000	-1.084413457
61600000	-1.202310877
61650000	-0.982108452
61700000	-0.859537555
61750000	-0.912675441
61800000	-0.896731196
61850000	-0.938723835
61900000	-1.124960819
61950000	-0.995523013
62000000	-0.851620569
62050000	-0.90714511
62100000	-0.676931454
62150000	-0.964507114
62200000	-1.21959895
62250000	-0.932302826
62300000	-0.788991548
62350000	-1.121114345
62400000	-1.206614734
62450000	-0.873978246
62500000	-0.843436318
62550000	-0.940669227
62600000	-0.969767196
62650000	-1.19508041
62700000	-0.9374292
62750000	-0.946852245
62800000	-1.010928463
62850000	-1.161486335
62900000	-1.194463658
62950000	-0.815310694
63000000	-1.010928463
63050000	-1.047239103
63100000	-0.849815946
63150000	-1.116134184
63200000	-0.994968712
63250000	-1.083998957
63300000	-0.962470107
63350000	-1.117986804
63400000	-1.153358454
63450000	-1.03306744
63500000	-1.217124129
63550000	-1.036309585
63600000	-1.056525802
63650000	-1.09280168
63700000	-0.940342446
63750000	-0.792588766
63800000	-1.398738475
63850000	-1.027684282
63900000	-1.057645726
63950000	-1.082706942
64000000	-0.754083683
64050000	-0.97585786
64100000	-0.896744655
64150000	-0.923383344
64200000	-1.012768451
64250000	-1.048841447
64300000	-0.985409229
64350000	-0.953771659
64400000	-1.027844496
64450000	-1.066997349
64500000	-0.711564678
64550000	-0.901082456
64600000	-1.043246959
64650000	-1.096607461
64700000	-1.196285986
64750000	-0.809847908
64800000	-0.955115259
64850000	-0.938723835
64900000	-1.079455818
64950000	-0.991603841
65000000	-1.232052034
65050000	-1.222402469
65100000	-1.025025945
65150000	-1.190025539
65200000	-1.118344832
65250000	-1.048705922
65300000	-1.041702944
65350000	-0.962944398
65400000	-1.210498818
65450000	-0.949858377
65500000	-0.873882127
65550000	-1.022729782
65600000	-1.049011966
65650000	-0.802949628
65700000	-1.03965282
65750000	-0.893643399
65800000	-0.935920712
65850000	-0.887624899
65900000	-0.956619606
65950000	-1.047214962
66000000	-1.161046108
66050000	-1.243844433
66100000	-3.397903851
66150000	-1.034345972
66200000	-0.982027256
66250000	-0.920237992
66300000	-1.057099349
66350000	-0.951906917
66400000	-0.965208047
66450000	-1.144204186
66500000	-0.938085124
66550000	-1.076369667
66600000	-0.914388649
66650000	-0.981516155
66700000	-0.720881361
66750000	-1.158035871
66800000	-0.751786002
66850000	-1.031500481
66900000	-0.885601343
66950000	-0.687990958
67000000	-0.981928591
67050000	-0.989327709
67100000	-1.004611834
67150000	-1.115534531
67200000	-0.99187522
67250000	-1.055138096
67300000	-0.980885158
67350000	-0.966157428
67400000	-1.166031722
67450000	-1.21033131
67500000	-1.157246851
67550000	-1.129038009
67600000	-0.974768799
67650000	-1.220709732
67700000	-1.315487956
67750000	-0.995594706
67800000	-0.938838324
67850000	-1.068067734
67900000	-1.041587633
67950000	-1.036552013
68000000	-1.111380843
68050000	-0.741002459
68100000	-0.78435282
68150000	-1.191270716
68200000	-1.033938351
68250000	-0.65247793
68300000	-0.710153928
68350000	-0.882384096
68400000	-1.034929186
68450000	-0.916248444
68500000	-0.702553454
68550000	-0.843182854
68600000	-1.112842246
68650000	-0.999128374
68750000	-0.648739725
68800000	-0.92313483
68900000	-0.967644365
68950000	-0.928997066
69000000	-0.949765935
69050000	-0.740785547
69100000	-0.876831639
69150000	-0.97068613
69200000	-1.249710428
69250000	-0.992313955
69300000	-0.933211556
69350000	-0.959978759
69400000	-0.904171245
69450000	-0.872851664
69500000	-1.190025539
69550000	-1.037111088
69600000	-0.723502649
69650000	-0.821980301
69700000	-1.094926742
69750000	-0.755475472
69800000	-0.890326418
69850000	-1.149691613
69900000	-1.050732637
69950000	-0.852946168
70000000	-0.982163458
70050000	-0.812968015
70100000	-1.120066434
70150000	-1.009210389
70200000	-1.122285898
70250000	-0.757001434
70300000	-0.906591651
70350000	-0.902784895
70400000	-0.694232849
70450000	-1.110185989
70500000	-0.706681789
70550000	-1.005764256
70600000	-0.937157557
70650000	-1.016185003
70700000	-0.923446422
70750000	-1.103365242
70800000	-0.71880156
70850000	-0.87312405
70900000	-1.047132441
70950000	-1.15436549
71000000	-1.192033148
71050000	-0.968708753
71100000	-1.217758297
71150000	-1.040565295
71200000	-1.246090815
71250000	-1.002867012
71300000	-1.041508503
71350000	-0.967123225
71400000	-1.368809158
71450000	-1.021864245
71500000	-0.829513061
71550000	-0.895454069
71600000	-1.132001727
71650000	-1.067592455
71700000	-0.868366881
71750000	-0.084474732
71800000	-0.065742894
71850000	-0.175885268
71900000	-0.258624934
71950000	-0.085209461
72000000	0.097134104
72050000	-0.063248969
72100000	-0.260474508
72150000	-0.154067579
72200000	-0.083958129
72250000	-0.176493342
72300000	-0.156304871
72350000	-0.157973167
72400000	-0.32849717
72450000	-0.001049473
72500000	0.021925837
72550000	-0.051049119
72600000	-0.18610787
72650000	-0.006654999
72700000	-0.133610068
72750000	-0.122277123
72800000	0.007652895
72850000	-0.130648075
72900000	-0.042189861
72950000	-0.125333961
73000000	-0.21838027
73050000	-0.215351031
73150000	-0.16672323
73200000	0.090970191
73250000	0.020384256
73300000	-0.179113731
73350000	-0.133916047
73400000	-0.092938307
73450000	-0.084474732
73500000	-0.12540855
73550000	-0.217758297
73600000	-0.366323433
73650000	-0.168511678
73700000	-0.09101285
73750000	-0.225889728
73800000	-0.101724304
73850000	-0.28446354
73900000	-0.20552865
73950000	-0.314952845
74000000	-0.449892699
74050000	-0.260726841
74100000	-0.409206778
74150000	-0.162040005
74200000	-0.068453268
74250000	-0.19248003
74300000	-0.148093042
74350000	-0.302861988
74400000	-0.237312457
74450000	-0.354589571
74500000	-0.110837914
74550000	-0.121510318
74600000	-0.203283429
74650000	-0.281383791
74700000	-0.208132568
74750000	-0.181821291
74800000	-0.316907948
74850000	-0.244121115
74900000	-0.09920613
74950000	-0.463064784
75000000	-0.316138019
75050000	-0.14944607
75100000	-0.247483323
75150000	-0.306984304
75200000	-0.271703255
75700000	-0.011505782
75750000	0.004629159
75900000	-0.450375338
75950000	-0.052574545
76000000	-0.130259817
76050000	-0.190228066
76100000	-0.232620433
76150000	-0.348887502
76200000	-0.154552644
76250000	-0.112859085
76300000	-0.258952129
76350000	-0.110136426
76400000	-0.198420764
76450000	-0.108264127
76500000	-0.275121954
76550000	-0.180899148
76600000	-0.29745194
76650000	-0.183918016
76700000	-0.405296579
76750000	-0.444570436
76800000	-0.276459755
76850000	-0.267249033
76900000	-0.168631711
76950000	-0.354642294
77000000	-0.271667004
77050000	-0.471582303
77100000	-0.315400353
77150000	-0.078394795
77200000	-0.334140916
77250000	-0.19376402
77300000	-0.314902861
77350000	-0.201384093
77400000	-0.247331017
77450000	-0.476876603
77500000	-0.211192619
77550000	-0.423300591
77600000	-0.39193642
77650000	-0.29269841
77700000	-0.338113098
77750000	-0.225140212
77800000	-0.283399472
77850000	-0.347407357
77900000	-0.133429353
77950000	-0.235093315
78000000	-0.378879174
78050000	-0.183918016
78100000	-0.013533832
78150000	-0.175406517
78200000	-0.205235569
78250000	-0.188192672
78300000	-0.178818312
78350000	-0.5540167
78400000	-0.324200921
78450000	-0.372149279
78500000	-0.108358536
78550000	-0.094187515
78600000	-0.624837111
78650000	-0.303141646
78700000	-0.26176917
78750000	-0.284936534
78800000	-0.251319607
78850000	-0.237193162
78900000	-0.4238598
78950000	-0.324856113
79000000	-0.383418777
79050000	0.07199882
79100000	-0.099238057
79150000	-0.347864394
79200000	-0.40197486
79250000	-0.097609328
79300000	-0.177443943
79350000	-0.187625195
79400000	-0.14210728
79450000	-0.209517492
79500000	-0.361233359
79550000	-0.145284544
79600000	-0.214073853
79650000	0.05198296
79700000	-0.100996279
79750000	-0.181971453
79800000	-0.424611111
79850000	-0.382898402
79900000	-0.198914277
79950000	-0.396849828
80000000	-0.366476179
80050000	-0.193567865
80100000	-0.242981218
80150000	-0.258078175
80200000	-0.163089326
80250000	-0.171130475
80300000	-0.35995694
80350000	-0.176899199
80400000	-0.158722418
80450000	-0.23549642
80500000	-0.323485478
80550000	-0.343373239
80600000	-0.257140341
80650000	-0.342515946
80700000	-0.254347508
80750000	-0.122593033
80800000	-0.044836448
80850000	-0.31723266
80900000	-0.26944218
80950000	-0.108326622
81000000	-0.231883115
81050000	-0.211833754
81100000	-0.387300052
81150000	-0.1155372
81200000	-0.124536014
81250000	-0.180635152
81300000	-0.233821218
81350000	-0.328590896
81400000	-0.364373155
81450000	-0.150303171
81500000	-0.272191726
81550000	-0.17315643
81600000	-0.252227467
81650000	0.182558145
81700000	0.587720131
81750000	0.338024214
81800000	0.514614127
81850000	0.449016683
81900000	0.354261902
81950000	0.423018007
82000000	0.51059957
82050000	0.359576012
82100000	0.433002016
82150000	0.441883192
82200000	0.540599481
82250000	0.319268934
82300000	0.471000344
82350000	0.437723553
82400000	0.436354214
82450000	0.480364374
82500000	0.34956147
82550000	0.527520649
82600000	0.084162082
82650000	-0.017701911
82750000	0.187672613
82800000	0.111386531
82850000	0.114518547
82900000	0.215739035
82950000	0.09141965
83000000	0.179698248
83050000	0.081757903
83100000	0.058796754
83150000	0.170361989
83200000	0.10166615
83250000	0.258480266
83300000	0.215590543
83350000	0.065326875
83400000	0.105126658
83450000	0.215142878
83500000	0.271467688
83550000	0.263673133
83600000	0.014345605
83650000	0.218605443
83700000	-0.174165531
83750000	0.193166917
83800000	0.287738574
83850000	-0.043374928
83900000	0.128611174
83950000	0.13055795
84000000	0.186805135
84050000	0.235372095
84100000	0.155717737
84150000	0.136657011
84200000	0.213970956
84250000	0.142959332
84300000	0.141258914
84350000	0.405564997
84400000	0.166061085
84450000	0.587086219
84500000	0.28061769
84550000	0.089307662
84600000	0.228825285
84650000	0.217285536
84700000	0.11951775
84750000	0.227789383
84800000	0.199076235
84850000	0.235777058
84900000	0.201578871
84950000	0.019366879
85000000	-0.008341439
85050000	0.23489461
85100000	0.246611914
85150000	0.179585648
85200000	0.335103131
85250000	0.165465894
85300000	0.321352664
85350000	0.126612138
85400000	0.283435388
85450000	0.342044982
85500000	0.190428267
85550000	-0.012335532
85600000	0.309044928
85650000	0.248805067
85700000	-0.155854914
85750000	0.105005785
85800000	0.180293912
85850000	0.17912724
85900000	0.135123135
85950000	0.281225683
86000000	0.160050453
86050000	0.025830343
86100000	0.043237104
86150000	0.06261061
86200000	0.036584976
86250000	0.074144718
86300000	0.232531086
86350000	0.151252035
86400000	-0.249716059
86450000	-0.105669157
86500000	-0.084715724
86550000	0.129639805
86600000	-0.192490502
86650000	0.01643245
86700000	-0.010249592
86750000	-0.109157136
86800000	-0.026935196
86850000	-0.172970467
86900000	-0.04799322
86950000	-0.103896248
87000000	-0.025966824
87050000	-0.181696588
87100000	-0.136606494
87150000	-0.021837566
87200000	-0.172022021
87250000	-0.358756722
87300000	-0.178709456
87350000	-0.227209043
87400000	-0.24807063
87450000	-0.282071247
87500000	-0.207332362
87550000	-0.154383482
87600000	-0.106408461
87650000	-0.272206933
87700000	-0.103072888
87750000	-0.257667647
87800000	-0.196368828
87850000	-0.17904533
87900000	-0.133285538
87950000	-0.200534045
88000000	-0.050765234
88050000	-0.290629293
88100000	-0.111380843
88150000	-0.101772953
88200000	-0.231185432
88250000	-0.111978644
88300000	-0.029383716
88350000	-0.087335132
88400000	-0.076198526
88450000	-0.162562535
88500000	0.000518579
88550000	-0.125183159
88600000	0.0155996
88650000	-0.011104421
88700000	0.178021489
88750000	0.010070584
88800000	0.244191957
88850000	0.221614972
88900000	0.184309075
88950000	0.120813778
89000000	0.239791577
89050000	0.370119996
89100000	0.246926102
89150000	0.094032074
89200000	0.282437637
89250000	0.207972364
89300000	0.280456063
89350000	0.038992727
89400000	0.018676926
89450000	0.339820812
89500000	0.033857345
89550000	0.154355439
89650000	0.299649174
89700000	0.172094373
89750000	0.234008709
89800000	0.273199348
89850000	0.514537294
89950000	0.348820333
90000000	0.522715245
90050000	0.261156668
90100000	0.302696543
90150000	0.214379844
90200000	0.249575921
93900000	0.458372703
94000000	0.277956234
94050000	0.15545908
94100000	0.201323689
94150000	0.283817755
94200000	0.21692091
94250000	0.476580809
94300000	0.321389986
94350000	0.271940384
94400000	0.347021124
94450000	0.234721759
94500000	0.261441921
94550000	0.331489897
94600000	0.470662357
94650000	0.320702121
94700000	0.400241319
94750000	0.16730782
94800000	0.127348601
94850000	0.244825425
94900000	0.272767077
94950000	0.407238709
95000000	0.298994101
95050000	0.129970189
95100000	0.228609077
95150000	0.419756859
95200000	0.435562059
95250000	0.124634376
95300000	0.380946864
95350000	0.431121524
95400000	0.407518625
95450000	0.214622215
95500000	0.277864649
95550000	0.28940962
95600000	0.338524985
95650000	0.319662702
95700000	0.397076287
95750000	0.253891112
95800000	0.184227797
95850000	0.29192212
95900000	0.252654963
95950000	0.001556845
96000000	0.196422563
96050000	0.431814751
96100000	0.230905741
96150000	0.367819897
96200000	0.127733951
96250000	0.497929015
96300000	0.361055914
96350000	0.497043115
96400000	0.297243981
96450000	0.234333659
96550000	0.165434603
96600000	0.386249503
96700000	0.340598633
96750000	0.273593073
96800000	0.359337955
96850000	0.252341586
96900000	0.507897302
96950000	0.303539255
97000000	0.419264699
97050000	0.42224275
97100000	0.383744959
97150000	0.307997017
97200000	0.486081517
97250000	0.083339759
97300000	0.332326518
97350000	0.257039678
97400000	0.23601143
97450000	0.605642833
97500000	0.411561815
97550000	0.267114691
97600000	0.201362493
97650000	0.366691397
97700000	0.305873543
97750000	0.314765977
97800000	0.318742257
97850000	0.399178219
97900000	0.472426624
97950000	0.274186562
98000000	0.231788715
98050000	0.400475439
98100000	0.41236838
98150000	0.257289516
98200000	0.458521768
98250000	0.342338734
98300000	0.318007782
98350000	0.370735326
98400000	0.377250337
98450000	0.375444137
98500000	0.110850665
98550000	0.266212396
98600000	0.203703087
98650000	0.170659725
98700000	0.27726286
98750000	0.376913482
98800000	0.323057372
98850000	0.179793534
98900000	0.365672717
98950000	0.421676155
99000000	0.403801275
99050000	0.511488373
99100000	0.482840748
99150000	0.411770599
99200000	0.390953605
99250000	0.26685438
99300000	0.273366137
99350000	0.258497134
99400000	0.4917016
99450000	0.406644025
99500000	0.440676654
99550000	0.56012684
99600000	0.407848874
99650000	0.403070012
99700000	0.315394607
99750000	0.37976148
99800000	0.230141475
99850000	0.303544215
99900000	0.446624544
99950000	0.364199199
100000000	0.485116022
100050000	0.289499629
100100000	0.247034713
100150000	0.353901689
100200000	0.490488359
100250000	0.27983896
100300000	0.251619814
100350000	0.440738496
100400000	0.199287857
100450000	0.286162176
100500000	0.235600128
100550000	0.194117952
100600000	0.310090381
100650000	0.479259909
100700000	0.098465793
100750000	0.406144189
100800000	0.24931234
100850000	0.182956358
100900000	0.211784031
100950000	0.520466437
101000000	0.32433727
101050000	0.451163915
101100000	0.485543227
101150000	0.366909754
101200000	0.26290995
101250000	0.528798461
101300000	0.297530553
101350000	0.359699485
101400000	0.338151349
101450000	0.496926909
101500000	0.27393573
101550000	0.33582557
101600000	0.115768732
101650000	0.44825828
101700000	0.413060826
101750000	0.370880242
101800000	0.258683153
101850000	0.287960516
101900000	0.295277607
101950000	0.173297614
102000000	0.215159249
102050000	0.372679408
102100000	0.251986126
102150000	0.371414326
102200000	0.162366238
102250000	0.145788457
102300000	0.483977712
102350000	0.387152038
102400000	0.292657811
102450000	0.30172442
102500000	0.231468781
102550000	0.223390615
102600000	0.237967419
102650000	0.282145483
102700000	0.142203163
102750000	0.365261551
102800000	0.470973029
102850000	0.221086228
102900000	0.272998892
102950000	0.324529193
103000000	0.264811783
103050000	0.405564997
103100000	0.278207411
103150000	0.276492041
103200000	0.312226175
103250000	0.023578705
103300000	0.306010596
103350000	0.299591156
103400000	0.344792308
103450000	0.3549814
103500000	0.43706695
103550000	0.420434461
103600000	0.117768594
103650000	0.219511154
103700000	0.172178215
103750000	0.318467203
103800000	0.370167812
103850000	0.285735227
103900000	0.210191541
103950000	0.30582271
104000000	0.244958533
104050000	0.169576837
104100000	0.095594771
104150000	0.382718492
104200000	0.064130588
104250000	0.30542037
104300000	0.399112875
104350000	0.334907769
104400000	0.36740183
104450000	0.507732155
104500000	0.290785943
104550000	0.206558989
104600000	0.292120769
104650000	0.286412368
104700000	0.415015846
104750000	0.393141245
104800000	0.311303471
104850000	0.413682749
104900000	0.372685517
104950000	0.47247706
105000000	0.294177953
105050000	0.248092561
105100000	0.273839783
105150000	0.268019887
105200000	0.297771736
105250000	0.28364434
105300000	0.477565741
105350000	0.201741317
105400000	0.135058578
105450000	0.151382249
105500000	0.357215797
105550000	0.266879821
105600000	0.226885889
105650000	0.436199301
105700000	0.49919609
105750000	0.541587573
105800000	0.410547176
105850000	0.147788466
105900000	0.282162184
105950000	0.462326459
106000000	0.362623928
106050000	0.332608964
106100000	0.154886036
106150000	0.389293218
106200000	0.265054638
106250000	0.291026735
106300000	0.263825488
106350000	0.428981215
106400000	0.309743041
106450000	0.449016683
106500000	0.582620693
106550000	0.506063186
106600000	0.291010674
106650000	0.413959389
106700000	0.378420349
106750000	0.267512163
106800000	0.223638468
106850000	0.427979859
107000000	0.153585891
107050000	0.406574416
107100000	0.252716091
107150000	0.310577656
107200000	0.327891014
107250000	0.248857764
107300000	0.367015291
107350000	0.304444696
107400000	0.290562257
107450000	0.315477293
107500000	0.226406917
107550000	0.091533571
107600000	0.178090248
107650000	0.156669534
107700000	0.237374934
107750000	0.36214683
107800000	0.227867755
107850000	0.380801807
107900000	0.135566629
107950000	0.336183887
108000000	0.253709159
108050000	0.306705603
108100000	0.457780497
108150000	0.259448023
108200000	0.254773051
108250000	0.225745805
108300000	0.307087157
108350000	0.393346157
108400000	0.411241025
108450000	0.216829536
108500000	0.449328753
108550000	0.287401078
108600000	0.445216013
108650000	0.33891498
108700000	0.369103973
108750000	0.336073052
108800000	0.014238136
108850000	0.279509681
108900000	0.417396121
108950000	0.299883074
109000000	0.340596943
109050000	0.29140345
109100000	0.32934712
109150000	0.434642159
109200000	0.309668929
109250000	0.249687935
109300000	0.350044865
109350000	0.134899889
109400000	0.440641829
109450000	0.22388252
109500000	0.219418786
109600000	0.426638156
109650000	0.221768143
109700000	0.470950178
109750000	0.19741557
109800000	0.354160925
109850000	0.136301736
109900000	0.24904232
109950000	0.316751115
110000000	0.425105578
110050000	0.480263741
110100000	0.386544496
110150000	0.194411439
110200000	0.167749568
110250000	0.486311798
110300000	0.279381657
110350000	0.341351519
110400000	0.288946521
110450000	0.193325704
110500000	0.325782327
110550000	0.416981947
110600000	0.303950873
110650000	0.361413064
110700000	0.443248332
110750000	0.344316978
110800000	0.451809898
110850000	0.477851065
110900000	0.316869246
110950000	0.29993621
111000000	0.243087503
111050000	0.186076083
111100000	0.289001978
111150000	0.430765531
111200000	0.183853406
111250000	0.379211624
111300000	0.325095631
111350000	0.372305907
111400000	0.355245364
111450000	0.606868936
111500000	0.375573891
111550000	0.24677735
111600000	0.300520638
111650000	0.476292882
111700000	0.341841522
111750000	0.610444261
111800000	0.332986814
111850000	0.32597538
111900000	0.247127463
111950000	0.282660472
112000000	0.191830352
112050000	0.29693665
112100000	0.234152614
112150000	0.22065554
112200000	0.125588119
112300000	0.266582278
112350000	0.273136919
112400000	0.428899837
112450000	0.130039389
112500000	0.42845131
112550000	0.285690292
112600000	0.379435021
112650000	0.333346728
112700000	0.554976502
112750000	0.338089768
112800000	0.382926865
112850000	0.441185645
112900000	0.388412795
112950000	0.212732971
113000000	0.160036385
113100000	0.051920426
113150000	0.359632004
113200000	0.414652772
113250000	0.573486489
113300000	0.426076973
113350000	0.429881078
113400000	0.38552075
113450000	0.430524312
113500000	0.363386528
113550000	0.380831498
113600000	0.396879197
113650000	0.404460027
113700000	0.258511181
113750000	0.244345072
113800000	0.209249467
113850000	0.413076908
113900000	0.282049975
113950000	0.459492456
114000000	0.474550384
114050000	0.398196122
114100000	0.1461185
114150000	0.275542508
114200000	0.334473309
114250000	0.33956174
114300000	0.359680624
114350000	0.262079184
114400000	0.478084041
114450000	0.357805141
114500000	0.198270966
114550000	0.473051543
114600000	0.418654131
114650000	0.259507072
114700000	0.199591342
114750000	0.163581011
114800000	0.191519274
114850000	0.364158946
114900000	0.262209043
114950000	0.374774806
115000000	0.265980823
115050000	0.35957693
115100000	0.268577113
115150000	0.476708417
115200000	0.329345199
115250000	0.286263093
115300000	0.382421675
115350000	0.445576718
115400000	0.369921022
115450000	0.336010441
115500000	0.264337915
115550000	0.356750052
115600000	0.474479787
115650000	0.372689024
115700000	0.218106153
115750000	0.348037726
115800000	0.179016215
115850000	0.195987743
115900000	0.344801373
115950000	0.289335927
116000000	0.367015291
116050000	0.492257593
116100000	0.425078586
116150000	0.259986829
116200000	0.293542639
116250000	0.27288543
116300000	0.436023694
116350000	0.155862697
116400000	0.114266954
116450000	0.305055666
116500000	0.438387959
116550000	0.255273234
116600000	0.158006002
116650000	0.360646384
116700000	0.372305907
116750000	0.269636547
116800000	0.25008792
116850000	0.426494825
116900000	0.293641551
116950000	0.342385278
117000000	0.290476335
117050000	0.444876858
117100000	0.359337955
117150000	0.351528827
117200000	0.326848725
117250000	0.395239261
117300000	0.357501493
117350000	0.470826656
117400000	0.353681779
117450000	0.280473271
117500000	0.322368507
117550000	0.336603256
117600000	0.413718496
117650000	0.322712064
117700000	0.301892255
117750000	0.416508681
117800000	0.251964917
117850000	0.192213022
117900000	0.266659135
117950000	0.274294696
118000000	0.379550925
118050000	0.461707346
118100000	0.445954293
118150000	0.357880367
118200000	0.46702046
118250000	0.372298495
118300000	0.324403805
118350000	0.436512847
118400000	0.409698293
118450000	0.381518128
118500000	0.375209917
118550000	0.464906207
118600000	0.39243883
118650000	0.382639816
118700000	0.486766213
118750000	0.325308637
118800000	0.165868121
118850000	0.344452718
118900000	0.447865854
118950000	0.217148878
119000000	0.416016331
119050000	0.395851703
119100000	0.363926934
119150000	0.283418792
119200000	0.422238729
119250000	0.544393555
119300000	0.513375521
119350000	0.453130416
119400000	0.284852355
119450000	0.368238784
119500000	0.426130242
119550000	0.428875282
119600000	0.340108914
119650000	0.323021465
119700000	0.381713894
119750000	0.384554914
119800000	0.442694124
119850000	0.308003772
119900000	0.189295147
120000000	0.381452027
120050000	0.391185788
120100000	0.386857798
120150000	0.447889991
120200000	0.256414422
120250000	0.367752486
120300000	0.50583193
120350000	0.287262568
120400000	0.246890055
120450000	0.503674799
120500000	0.375962555
120550000	0.40091935
120600000	0.347521939
120650000	0.143506602
120700000	0.292474484
120800000	0.296042874
120850000	0.396501318
120900000	0.287761496
120950000	0.295685606
121000000	0.529335189
121050000	0.372446447
121100000	0.576363808
121150000	0.123773147
121200000	0.428515296
121250000	0.333001224
121300000	0.411942112
121400000	0.500037042
121450000	0.432010835
121550000	0.341526929
121600000	0.427367416
121650000	0.42210191
121700000	0.453256188
121750000	0.488232315
121800000	0.475702711
121850000	0.383088031
121900000	0.42488143
122000000	0.520435012
122100000	0.378085042
122150000	0.281709258
122200000	0.348988546
122250000	0.525509788
122300000	0.43758683
122350000	0.343664312
122400000	0.252263147
122450000	0.371795145
122500000	0.535797998
122550000	0.234615064
122600000	0.505658901
122650000	0.306999939
122750000	0.375067412
122800000	0.419247296
122850000	0.563980509
122900000	0.300710373
122950000	0.339805005
123000000	0.421069272
123050000	0.345063365
123100000	0.209885524
123150000	0.29524497
123200000	0.465511973
123250000	0.498316117
123300000	0.267176362
123350000	0.503196995
123400000	0.454122655
123450000	0.348340024
123500000	0.298981521
123550000	0.361061026
123600000	0.403079888
123650000	0.261159248
123700000	0.241165137
123750000	0.399071636
123800000	0.24708761
123850000	0.41662711
123900000	0.434183763
123950000	0.43102557
124050000	0.442877411
124100000	0.316270019
124150000	0.395942956
124200000	0.366490496
124250000	0.408645081
124300000	0.378347766
124350000	0.397726654
124400000	0.361421174
124450000	0.291476877
124500000	0.285576788
124550000	0.494876028
124600000	0.320047018
124650000	0.34383379
124700000	0.442792557
124750000	0.344753689
124850000	0.509055429
124900000	0.242178208
124950000	0.416949422
125000000	0.463322435
125050000	0.398994917
125100000	0.368929861
125150000	0.260391001
125200000	0.297887641
125250000	0.23712455
125300000	0.327746871
125350000	0.260484855
125400000	0.299508978
125450000	0.28077639
125500000	0.375474261
125550000	0.421853694
125600000	0.528842053
125650000	0.333456257
125700000	0.215894333
126050000	0.515011058
126100000	0.516933152
126150000	0.527870166
126200000	0.478195957
126250000	0.4387801
126300000	0.4455779
126350000	0.320315293
126400000	0.490522317
126450000	0.289270851
126500000	0.373777795
126550000	0.327802525
126600000	0.510200684
126650000	0.331102601
126700000	0.56146751
126750000	0.494243472
126800000	0.465826677
126850000	0.385827239
126900000	0.28223591
126950000	0.241165137
127000000	0.463575814
127100000	0.45079853
127150000	0.287378264
127200000	0.528105931
127250000	0.427181419
127300000	0.269510912
127350000	0.374019137
127400000	0.281521352
127450000	0.368335386
127500000	0.401035412
127550000	0.443404123
127600000	0.382336867
127650000	0.236594781
127700000	0.257985246
127750000	0.417278243
127800000	0.176526468
127850000	0.209748417
127900000	0.319252913
127950000	0.536924184
128000000	0.344714078
128050000	0.331685987
128100000	0.428929436
128150000	0.258911743
128200000	0.484324613
128250000	0.51447467
128300000	0.351694777
128350000	0.32415054
128400000	0.392971165
128450000	0.350867856
128500000	0.335101256
128550000	0.225779472
128600000	0.476272788
128650000	0.313336716
128700000	0.329126474
128750000	0.474453245
128800000	0.452047096
128850000	0.388835245
128900000	0.502266378
128950000	0.377216408
129050000	0.49596772
129100000	0.415125865
129150000	0.259397909
129200000	0.191134628
129250000	0.504747273
129300000	0.348708508
129350000	0.518637595
129400000	0.343613699
129450000	0.509525457
129500000	0.519608945
129550000	0.512387691
129600000	0.305498211
129650000	0.360377451
129700000	0.415429751
129750000	0.300949831
129800000	0.242946909
129850000	0.359872705
129900000	0.572165871
129950000	0.382207814
130000000	0.27977472
130100000	0.138758054
130300000	0.318145048
130350000	0.563997884
130400000	0.308045708
130450000	0.329927768
130500000	0.446994685
130550000	0.288303128
130600000	0.446504502
130650000	0.414384199
130700000	0.49114103
130750000	0.258889359
130800000	0.399394753
130850000	0.396075171
130900000	0.302818365
130950000	0.394652782
131000000	0.315243806
131050000	0.381255092
131100000	0.227920153
131150000	0.225297409
131200000	0.406255564
131250000	0.376996486
131300000	0.445169721
131350000	0.375162889
131400000	0.302796143
131450000	0.245753846
131500000	0.394502203
131550000	0.268895053
131600000	0.288226327
131650000	0.463258276
131700000	0.437116408
131750000	0.319076631
131800000	0.496302735
131850000	0.166709951
131900000	0.41667906
131950000	0.418782765
132000000	0.510137684
132050000	0.432124882
132100000	0.32233638
132200000	0.459126452
132250000	0.415330507
132300000	0.212869946
132350000	0.378368526
132400000	0.244509719
132450000	0.234138351
132500000	0.408972686
132550000	0.387797324
132600000	0.580044129
132650000	0.322836076
132700000	0.522483846
132750000	0.534401463
132800000	0.510936239
132850000	0.401857731
132900000	0.373462331
132950000	0.250608497
133000000	0.380191067
133050000	0.551434636
133100000	0.228106624
133150000	0.447887172
133200000	0.392307717
133250000	0.358021756
133300000	0.36441101
133350000	0.599596999
133400000	0.381857428
133450000	0.427977288
133500000	0.530111088
133550000	0.36772825
133600000	0.271602933
133650000	0.296042874
133700000	0.204383119
133750000	0.486378082
133800000	0.589904385
133850000	0.552986523
133900000	0.393603165
133950000	0.458647092
134000000	0.203053995
134050000	0.461945516
134100000	0.281926563
134150000	0.401552796
134200000	0.204125305
134250000	0.413900158
134300000	0.29278608
134350000	0.292358517
134400000	0.412653267
134450000	0.469552863
134500000	0.482492304
134550000	0.295970983
134600000	0.456264842
134650000	0.419639131
134700000	0.467815517
134750000	0.317786137
134800000	0.450025962
134850000	0.414152901
134900000	0.351016069
134950000	0.342288315
135000000	0.315885969
135050000	0.202167377
135100000	0.16714722
135150000	0.505106487
135200000	0.378347766
135250000	0.2363971
135300000	0.326012485
135350000	0.033902245
135400000	0.213376268
135450000	0.516012287
135500000	0.420842167
135550000	0.432044521
135600000	0.231756189
135650000	0.494167435
135700000	0.226816454
135750000	0.555241988
135800000	0.130162207
135850000	0.313276903
135900000	0.280571108
135950000	0.435656768
136000000	0.447691379
136050000	0.261136529
136100000	0.331720326
136150000	0.485759363
136200000	0.24896348
136300000	0.398842972
136350000	0.40389942
136400000	0.353497559
136450000	0.326057417
136550000	0.478041278
136600000	0.237639536
136650000	0.138022261
136700000	0.271641531
136750000	0.226517024
136800000	0.182065557
136850000	0.349470396
136900000	0.336408262
136950000	0.350776048
137000000	0.334857165
137050000	0.537108197
137150000	0.400140779
137200000	0.293163169
137250000	0.389526439
137300000	0.431601676
137350000	0.402347894
137400000	0.348052955
137450000	0.32631077
137500000	0.221201814
137550000	0.367752486
137600000	0.396970771
137650000	0.324578664
137700000	0.1831454
137750000	0.233977278
137800000	0.395379512
137850000	0.496189293
137900000	0.376522374
137950000	0.453965216
138000000	0.44660156
138050000	0.400615297
138100000	0.364698787
138150000	0.401681168
138200000	0.186770659
138250000	0.329428352
138300000	0.384256014
138350000	0.399772826
138400000	0.385208059
138450000	0.418768224
138500000	0.258757616
138550000	0.358227073
138600000	0.382954465
138650000	0.32086229
138700000	0.210639601
138750000	0.212473368
138800000	0.218297702
138850000	0.322888048
138900000	0.49987231
138950000	0.520109717
139000000	0.322721152
139050000	0.306276874
139100000	0.477682202
139150000	0.162813324
139200000	0.415570643
139250000	0.406704019
139300000	0.504493837
139350000	0.379896473
139400000	0.425869062
139450000	0.464828956
139500000	0.336224143
139550000	0.212511656
139600000	0.271454633
139650000	0.519753742
139700000	0.396636393
139750000	0.38697569
139800000	0.347691855
139850000	0.35130001
139900000	0.560229081
139950000	0.455633533
140000000	0.39310423
140050000	0.368036139
140100000	0.456781602
140150000	0.320767822
140200000	0.368797283
140250000	0.500487768
140300000	0.288197536
140350000	0.343299532
140400000	0.411216233
140450000	0.278498478
140500000	0.435445171
140550000	0.289132313
140600000	0.43472256
140650000	0.313124303
140700000	0.424162319
140750000	0.257835086
140800000	0.450571257
140850000	0.298159647
140900000	0.483555468
140950000	0.221848053
141000000	0.317014756
141050000	0.433189689
141100000	0.340959304
141200000	0.410084872
141250000	0.422474238
141300000	0.451357803
141350000	0.332696845
141400000	0.48428696
141450000	0.29622126
141500000	0.370967512
141550000	0.437485374
141600000	0.407471683
141650000	0.373342434
141700000	0.311387834
141750000	0.459851427
141800000	0.313946257
141850000	0.467220832
141900000	0.289185779
141950000	0.478733386
142000000	0.252990255
142050000	0.195893331
142100000	0.412525579
142150000	0.345353842
142200000	0.447736096
142250000	0.194117952
142300000	0.484249393
142350000	0.329042004
142400000	0.403320631
142450000	0.3870474
142500000	0.301951516
142550000	0.36946515
142600000	0.421779296
142650000	0.193731579
142750000	0.479297948
142800000	0.480655138
142850000	0.41662995
142900000	0.491014081
142950000	0.385636153
143000000	0.316057834
143050000	0.415138819
143100000	0.303487052
143150000	0.474483108
143200000	0.299187984
143250000	0.35347722
143300000	0.411951094
143350000	0.561895145
143400000	0.302757803
143450000	0.23340529
143500000	0.499253593
143550000	0.557477223
143600000	0.314326044
143650000	0.463110169
143700000	0.223520939
143750000	0.400949352
143800000	0.457779584
143850000	0.427987593
143900000	0.280721302
143950000	0.284317781
144000000	0.21371888
144050000	0.374353221
144100000	0.317841235
144150000	0.356661053
144200000	0.451809898
144250000	0.406855543
144300000	0.319268934
144350000	0.348893202
144400000	0.468211889
144450000	0.385039365
144500000	0.189208394
144550000	0.385039365
144600000	0.385039365
144650000	0.205139894
144700000	0.556217347
144750000	0.263552985
144800000	0.362446061
144850000	0.344464971
144900000	0.215164603
144950000	0.350798493
145000000	0.323975557
145050000	0.420700861
145100000	0.447467662
145150000	0.363261584
145200000	0.332081257
145250000	0.457686315
145300000	0.499432831
145350000	0.266529055
145400000	0.197466336
145450000	0.302661311
145500000	0.302068871
145550000	0.298448389
145600000	0.451100786
145650000	0.532377097
145700000	0.289999836
145750000	0.180873491
145800000	0.255703806
145850000	0.327228989
145900000	0.319408536
145950000	0.314686358
146000000	0.45846742
146050000	0.384291108
146100000	0.245183443
146150000	0.421997197
146200000	0.361982852
146250000	0.326002266
146300000	0.167452976
146350000	0.411770599
146400000	0.686432165
146450000	0.337057429
146500000	0.439116758
146550000	0.163395397
146600000	0.437789428
146650000	0.386544496
146750000	0.382579023
146800000	0.348094407
146850000	0.642805128
146900000	0.352060804
146950000	0.224103843
147000000	0.421855805
147050000	0.335842146
147100000	0.452194036
147150000	0.4145244
147200000	0.449440756
147250000	0.505310731
147300000	0.303201988
147350000	0.290142698
147400000	0.301962791
147500000	0.327784964
147550000	0.412136878
147600000	0.295593756
147650000	0.478096227
147700000	0.268726358
147750000	0.269416371
147800000	0.276179225
147850000	0.308900041
147900000	0.311399166
147950000	0.200554855
148000000	0.347524771
148050000	0.447650989
148100000	0.348570268
148150000	0.584964136
148200000	0.419110642
148250000	0.37523977
148300000	0.394098967
148350000	0.3510324
148400000	0.29738223
148450000	0.570808447
148500000	0.3956618
148550000	0.316583309
148600000	0.308382643
148650000	0.451533148
148700000	0.404583403
148750000	0.339568714
148800000	0.520769382
148850000	0.266951589
148900000	0.52659265
148950000	0.373831144
149000000	0.316057834
149050000	0.466490671
149100000	0.359248472
149150000	0.33615168
149200000	0.369398858
149250000	0.403536539
149300000	0.423975233
149350000	0.453020031
149400000	0.302890664
149450000	0.60552023
149500000	0.237336686
149550000	0.34585502
149600000	0.271674708
149650000	0.236911577
149700000	0.252614121
149750000	0.44275863
149800000	0.393048204
149850000	0.189753292
149900000	0.410354191
149950000	0.505819883
150000000	0.32219283
150050000	0.377343415
150100000	0.409554539
150150000	0.330503978
150200000	0.418782765
150250000	0.257835086
150300000	0.393691784
150350000	0.404380208
150400000	0.300243376
150450000	0.358262817
150500000	0.409698293
150550000	0.359340246
150600000	0.378869104
150650000	0.179035449
150700000	0.229092456
150750000	0.411530951
150800000	0.466014061
150850000	0.248213998
150900000	0.440456984
150950000	0.459930149
151000000	0.510971464
151050000	0.426649368
151100000	0.327262034
151150000	0.341841522
151200000	0.267351494
151250000	0.479353816
151300000	0.400442719
151350000	0.453090531
151400000	0.474579545
151450000	0.463603618
151500000	0.303006476
151550000	0.337346335
151600000	0.439515589
151650000	0.324849934
151700000	0.330540222
151750000	0.303660866
151800000	0.250300593
151850000	0.486681921
151900000	0.460462788
151950000	0.500690786
152000000	0.530418312
152050000	0.447942281
152100000	0.352551512
152150000	0.443381419
152200000	0.39007346
152250000	0.388079088
152300000	0.234333659
152350000	0.496450713
152400000	0.381290586
152450000	0.05309872
152500000	0.2568139
152550000	0.514571098
152600000	0.383657683
152650000	0.471333135
152700000	0.220353937
152750000	0.468456564
152800000	0.498421713
152850000	0.419583938
152900000	0.385502943
153000000	0.528056363
153050000	0.293948558
153100000	0.322508488
153150000	0.386743249
153200000	0.355742408
153250000	0.252517264
153300000	0.555539633
153350000	0.478404778
153400000	0.294988273
153450000	0.509228468
153500000	0.315017366
153550000	0.451287102
153600000	0.306746846
153650000	0.393868626
153750000	0.390288337
153800000	0.389183914
153850000	0.357688762
153900000	0.223047112
153950000	0.419926541
154000000	0.588490917
154050000	0.30991088
154100000	0.409053544
154150000	0.186234436
154200000	0.372689024
154250000	0.140980381
154300000	0.259172133
154350000	0.326848725
154400000	0.538972472
154450000	0.351340814
154500000	0.334182259
154550000	0.505257971
154600000	0.366691397
154650000	0.468095778
154700000	0.347682511
154750000	0.570860583
154800000	0.375159904
154850000	0.555184807
154900000	0.489945461
154950000	0.37927285
155000000	0.555140205
155050000	0.327317075
155100000	0.245995262
155150000	0.3412193
155200000	0.450709741
155250000	0.259986464
155300000	0.398086862
155350000	0.425695445
155400000	0.519253158
155450000	0.334223238
155500000	0.35767526
155550000	0.156707499
155600000	0.289846072
155650000	0.387296621
155700000	0.408678869
155750000	0.490442557
155800000	0.325986514
155850000	0.424915962
155900000	0.329026043
155950000	0.440330824
156000000	0.268288637
156050000	0.514345317
156100000	0.464308491
156150000	0.26762956
156200000	0.314735751
156250000	0.475703032
156300000	0.414845276
156350000	0.456524656
156400000	0.317163521
156450000	0.332342407
156500000	0.398446358
156550000	0.269474544
156600000	0.485017403
156650000	0.469100556
156700000	0.457132137
156750000	0.354196251
156800000	0.276396634
156850000	0.57538291
156900000	0.426562722
156950000	0.569780725
157000000	0.441369576
157050000	0.490357478
157100000	0.225348287
157150000	0.189781767
157200000	0.30604403
157250000	0.354005851
157300000	0.355347975
157350000	0.321588621
157400000	0.41662995
157450000	0.295720618
157500000	0.389695449
157550000	0.463628692
157600000	0.450465889
157650000	0.48097515
157700000	0.36661778
157750000	0.420514713
157800000	0.30778581
157850000	0.386882105
157900000	0.326012485
157950000	0.331666247
158000000	0.32815448
158100000	0.347231999
158150000	0.478404778
158200000	0.388325968
158250000	0.164627021
158300000	0.236987865
158350000	0.258040016
158400000	0.47931289
158450000	0.322276207
158500000	0.545722935
158550000	0.388633266
158600000	0.339764637
158650000	0.240715252
158700000	0.427766271
158750000	0.37004468
158800000	0.299984933
158850000	0.293428715
158900000	0.387554848
158950000	0.396879197
159000000	0.541400573
159050000	0.420774354
159100000	0.195914133
159150000	0.324801618
159200000	0.351381236
159250000	0.441161181
159300000	0.289335927
159350000	0.532623739
159400000	0.434113774
159450000	0.47053698
159500000	0.381905607
159550000	0.388838863
159600000	0.39580732
159650000	0.407614482
159700000	0.275388468
159750000	0.349164171
159800000	0.245604815
159850000	0.280946706
159900000	0.378085042
159950000	0.358419889
160000000	0.567375744
160050000	0.26198664
160100000	0.421944445
160150000	0.463581709
160200000	0.334186339
160250000	0.366906831
160300000	0.447448765
160350000	0.35200902
160400000	0.398725239
160450000	0.263825488
160500000	0.390123787
160550000	0.297733288
160600000	0.396348165
160650000	0.385230206
160700000	0.268753571
160750000	0.358244813
160800000	0.420072326
160850000	0.386519766
160900000	0.369740972
161000000	0.479235343
161100000	0.310446326
161150000	0.45339786
161200000	0.277760702
161250000	0.297845597
161300000	0.268453539
161350000	0.51541152
161400000	0.362420323
161450000	0.338172831
161500000	0.444089178
161550000	0.424220806
161600000	0.522019802
161650000	0.415800134
161700000	0.263825488
161750000	0.472435299
161800000	0.388583114
161850000	0.348791569
161900000	0.439290242
161950000	0.45228739
162000000	0.520315209
162050000	0.424883654
162100000	0.416166437
162150000	0.398841326
162200000	0.573463541
162250000	0.452130693
162300000	0.435739777
162350000	0.264811783
162400000	0.353305407
162450000	0.289216269
162500000	0.220151965
162550000	0.147231004
162600000	0.297967631
162650000	0.276038217
162700000	0.387568568
162750000	0.424096364
162800000	0.311848068
162950000	-0.049773867
163000000	0.34610362
163100000	0.256510769
163150000	0.486246986
163200000	0.391089753
163250000	0.219538101
163300000	0.2748034
163350000	0.417951137
163400000	0.151200837
163450000	0.202619472
163500000	0.163318807
163550000	0.336441521
163600000	0.420700861
163650000	0.353921159
163700000	0.152131702
163750000	0.295446593
163800000	0.450277196
163850000	0.306821744
163900000	0.344789594
163950000	0.508782688
164000000	0.173597283
164050000	0.27005964
164100000	0.373093324
164150000	0.237381478
164200000	0.373996552
164250000	0.459530716
164300000	0.012340395
164350000	0.390578437
164400000	0.448540233
164450000	0.471952134
164500000	0.479206321
164550000	0.077262948
164600000	0.23936264
164650000	0.281458829
164700000	0.32908062
164750000	0.184181995
164800000	0.258047172
164850000	0.54268473
164900000	0.27506913
164950000	0.311728202
165000000	0.41879289
165050000	0.445840544
165100000	0.498862169
165150000	0.133333206
165200000	0.300596856
165250000	0.367398033
165300000	0.32822331
165350000	0.348720368
165400000	0.243907024
165450000	0.49222228
165500000	0.322527878
165550000	0.258671021
165600000	0.119706386
165650000	0.326002266
165700000	0.342581231
165750000	0.188216192
165800000	0.427397795
165850000	0.246352972
165900000	0.401195843
165950000	-0.056627111
166000000	0.474244499
166050000	0.346230968
166100000	0.495821035
166150000	0.448540233
166300000	0.381519523
166350000	0.26260564
166400000	0.441939166
166450000	0.429216265
166550000	0.33119989
166600000	0.227197032
166650000	0.49351387
166700000	0.2568139
166750000	0.369557499
166800000	0.42445652
166850000	0.41819865
166900000	0.274400266
166950000	0.455096924
167000000	0.332343373
167050000	0.360186736
167100000	0.185982277
167150000	0.353695419
167200000	0.540049669
167250000	0.345939885
167300000	0.488961108
167350000	0.359133395
167400000	0.565685842
167450000	0.416784802
167500000	0.275875921
167550000	0.29125051
167600000	0.221913506
167650000	0.500067215
167700000	0.575211908
167750000	0.39476544
167800000	0.303655711
167850000	0.496969834
167900000	0.534352498
167950000	0.24211843
168000000	0.476708417
168050000	0.093408349
168100000	0.324567424
168150000	0.373153133
168200000	0.329274664
168250000	0.34389176
168300000	0.352398195
168350000	0.493939793
168400000	0.416494953
168450000	0.416811711
168500000	0.449681026
168550000	0.363255922
168600000	0.331489897
168650000	0.401899628
168700000	0.313503997
168750000	0.312177503
168800000	0.385898344
168850000	0.600567483
168900000	0.499699554
168950000	0.448763827
169000000	0.496450713
169050000	0.490154442
169100000	0.267653522
169150000	0.309865226
169200000	0.34956147
169250000	0.323485801
169300000	0.333143168
169350000	0.379743674
169400000	0.335634884
169450000	0.322787201
169500000	0.42859904
169550000	0.461352353
169600000	0.410600208
169650000	0.263525278
169700000	0.175121066
169750000	0.379295077
169800000	0.425695445
169850000	0.361291242
169900000	0.290125966
169950000	0.478881996
170000000	0.308558687
170050000	0.259453913
170100000	0.516087409
170150000	0.336892985
170200000	0.271260204
170250000	0.381907996
170300000	0.304444696
170350000	0.416673912
170400000	0.429831752
170450000	0.459509849
170500000	0.418862673
170550000	0.280925954
170600000	0.328661159
170650000	0.539304465
170750000	0.365189589
170800000	0.24046383
170850000	0.354876322
170900000	0.297262325
170950000	0.451512403
171000000	0.483738222
171050000	0.484029844
171100000	0.363859475
171150000	0.42117211
171200000	0.347949647
171250000	0.332804002
171300000	0.313328834
171350000	0.180800909
171400000	0.333690149
171450000	0.371696851
171500000	0.397587719
171600000	0.388106852
171650000	0.43787802
171700000	0.453057156
171750000	0.256604488
171800000	0.242507497
171850000	0.37217021
171900000	0.427685312
171950000	0.452389645
172000000	0.538815148
172050000	0.23610848
172100000	0.428902527
172150000	0.292474484
172200000	0.204702154
172250000	0.411877813
172300000	0.402128943
172350000	0.454348903
172400000	0.370908115
172450000	0.426130242
172500000	0.412244925
172550000	0.149723833
172600000	0.300261678
172650000	0.289926426
172700000	0.326448664
172750000	0.44939969
172800000	0.345569244
172850000	0.361484637
172900000	0.461020534
172950000	0.495454138
173000000	0.561537872
173050000	0.559320022
173100000	0.490378366
173150000	0.375714986
173200000	0.369803828
173250000	0.416811711
173300000	0.351207805
173350000	0.38260044
173400000	0.473051543
173450000	0.312014305
173500000	0.457204596
173550000	0.252784814
173600000	0.396674065
173650000	0.217983125
173700000	0.303638283
173750000	0.50467122
173800000	0.393064731
173850000	0.387568568
173900000	0.206121777
173950000	0.28364434
174000000	0.256851096
174050000	0.470484983
174100000	0.370170184
174150000	0.502947091
174200000	0.471519625
174250000	0.359337955
174300000	0.371666319
174350000	0.386205342
174400000	0.468211889
174450000	0.322903667
174500000	0.410174
174550000	0.219764528
174600000	0.418073903
174650000	0.38102714
174700000	0.343182069
174750000	0.251897992
174800000	0.414885383
174850000	0.206088778
174900000	0.224461365
174950000	0.506914521
175000000	0.316156323
175050000	0.24073379
175100000	0.313497329
175150000	0.268019887
175200000	0.138578296
175250000	0.400867154
175300000	0.374420937
175350000	0.319662702
175400000	0.156815446
175450000	0.398396832
175500000	0.164235084
175550000	0.333902943
175600000	0.238385879
175650000	0.261177
175700000	0.448990084
175750000	0.36946536
175800000	0.253513762
175850000	0.357688762
175900000	0.439006083
175950000	0.445900032
176000000	0.328835651
176050000	0.262164802
176100000	0.322916487
176150000	0.398567024
176200000	0.084096216
176250000	0.35786686
176300000	0.462957611
176350000	0.271506091
176400000	0.251439989
176450000	0.436040835
176500000	0.347562112
176550000	0.343641255
176600000	0.352398195
176650000	0.411849447
176700000	0.342385278
176750000	0.356403161
176800000	0.379395607
176850000	0.403147423
176900000	0.549993095
176950000	0.365961075
177000000	0.257249561
177100000	0.209618414
177150000	0.264186579
177200000	0.22881655
177250000	0.27479068
177300000	0.523519987
177350000	0.174143051
177400000	0.382158097
177450000	0.210000423
177500000	0.363818042
177550000	0.327811903
177600000	0.250975814
177650000	0.484016836
177700000	0.411993618
177750000	0.321445237
177800000	0.351797267
177850000	0.362560032
177900000	0.362726389
177950000	0.265476158
178000000	0.46457813
178050000	0.288248962
178100000	0.452878378
178150000	0.407670416
178200000	0.348905487
178250000	0.380242839
178300000	0.408644332
178350000	0.489634578
178400000	0.463490555
178450000	0.362168846
178500000	0.345788623
178550000	0.284513213
178600000	0.442260966
178650000	0.514509933
178700000	0.318145048
178750000	0.430912978
178800000	0.247656416
178850000	0.266659135
178900000	0.310485506
178950000	0.285937322
179000000	0.287285554
179050000	0.513258711
179100000	0.500596917
179150000	0.372857723
179200000	0.326532676
179250000	0.452710758
179300000	0.265915999
179350000	0.419744529
179400000	0.212473368
179450000	0.310618291
179500000	0.278666185
179550000	0.354572265
179600000	0.442503976
179650000	0.189770113
179700000	0.355486785
179750000	0.29024495
179800000	0.3279127
179850000	0.379336737
179900000	0.298525905
179950000	0.326333388
180000000	0.369740972
180050000	0.47865527
180100000	0.44473438
180150000	0.282100512
180200000	0.376547245
180250000	0.438789762
180300000	0.260765883
180350000	0.492303764
180400000	0.399966304
180450000	0.326272724
180500000	0.214503455
180550000	0.391770274
180600000	0.418295582
180650000	0.188216192
180700000	0.502801586
180750000	0.359403225
180800000	0.392345404
180850000	0.409048779
180900000	0.239614709
180950000	0.1836711
181000000	0.372155648
181050000	0.393752015
181100000	0.344849226
181150000	0.509097563
181200000	0.309000292
181250000	0.36796826
181300000	0.275070276
181350000	0.535357907
181400000	0.362601931
181450000	0.389074143
181500000	0.19085758
181550000	0.34426654
181600000	0.268467563
181650000	0.406724393
181700000	0.388000822
181800000	0.335664138
181850000	0.385483456
181900000	0.338629643
181950000	0.22103898
182000000	0.466305137
182050000	0.463665255
182100000	0.401503667
182150000	0.451094412
182200000	0.511866434
182250000	0.323702349
182300000	0.405441109
182350000	0.402297927
182400000	0.39193033
182450000	0.371595291
182500000	0.466307792
182550000	0.577659961
182600000	0.441818638
182650000	0.298315362
182700000	0.418693232
182750000	0.447889991
182800000	0.513772564
182850000	0.387131234
182900000	0.33184564
182950000	0.361968542
183000000	0.333105003
183050000	0.388156293
183100000	0.388106852
183150000	0.383434728
183200000	0.387360302
183250000	0.245384089
183300000	0.306705603
183350000	0.233294578
183400000	0.398526247
183450000	0.49006604
183500000	0.332187639
183550000	0.398098188
183600000	0.318867219
183650000	0.280630385
183700000	0.340259746
183750000	0.463861686
183800000	0.473148613
183850000	0.332664044
183900000	0.510457443
183950000	0.26334867
184000000	0.452324166
184050000	0.287641494
184100000	0.473089708
184150000	0.422033223
184200000	0.272679685
184250000	0.422861218
184300000	0.33361005
184350000	0.350955305
184400000	0.367318804
184450000	0.391730079
184500000	0.331051449
184550000	0.36397752
184600000	0.37494188
184650000	0.401004372
184700000	0.25915063
184750000	0.42035999
184800000	0.443025507
184850000	0.541933547
184900000	0.333506012
184950000	0.463628692
185000000	0.442591538
185050000	0.589276327
185100000	0.26011408
185150000	0.447899119
185200000	0.298673572
185250000	0.291510178
185300000	0.494767623
185350000	0.558336404
185400000	0.434875057
185450000	0.353704711
185500000	0.36772825
185550000	0.461223791
185600000	0.267596574
185650000	0.348604744
185700000	0.441838823
185750000	0.397075812
185800000	0.31644884
185850000	0.445976947
185900000	0.347729098
185950000	0.17420807
186000000	0.370850696
186050000	0.515577253
186100000	0.381125065
186150000	0.306502886
186200000	0.332396853
186250000	0.32532676
186300000	0.31853884
186350000	0.309257866
186400000	0.424901079
186450000	0.335451432
186500000	0.431663955
186550000	0.369146178
186600000	0.436168887
186650000	0.344545333
186700000	0.422159125
186750000	0.234172685
186800000	0.342059912
186850000	0.192754111
186900000	0.138188472
186950000	0.234477022
187000000	0.366588734
187050000	0.200138033
187100000	0.306449632
187150000	0.262825532
187200000	0.265279889
187250000	0.356973753
187300000	0.378587245
187350000	0.34256502
187400000	0.292048576
187450000	0.237714342
187500000	0.322259461
187550000	0.353016867
187600000	0.446321635
187650000	0.463255403
187700000	0.397986127
187750000	0.35024985
187800000	0.292511458
187850000	0.297999467
187950000	0.4007692
188000000	0.294460298
188050000	0.343435393
188100000	0.349294605
188150000	0.257116842
188200000	0.182753475
188250000	0.177090143
188300000	0.313810469
188350000	0.244723542
188400000	0.052275197
188450000	0.082865356
188500000	0.069175549
188550000	0.21553357
188600000	0.410067144
188650000	0.339979916
188700000	0.400442719
188750000	0.337000053
188800000	0.340472145
188850000	0.34339554
188900000	0.235904013
188950000	0.44876558
189000000	0.483251923
189050000	0.299212913
189100000	0.479259909
189150000	0.211216792
189200000	0.343155347
189250000	0.281479153
189350000	0.543374868
189400000	0.436129744
189450000	0.347085398
189500000	0.327670131
189550000	0.373961321
189600000	0.373693247
189650000	0.470484983
189700000	0.378582837
189750000	0.316700826
189800000	0.294785797
189850000	0.395319999
189900000	0.4422635
189950000	0.274809379
190000000	0.423828901
190050000	0.344696726
190100000	0.418782765
190150000	0.385761325
190200000	0.374522895
190250000	0.436764978
190300000	0.359266449
190350000	0.309534223
190400000	0.308729587
190450000	0.416283546
190500000	0.440604443
190550000	0.437417693
190600000	0.467538121
190650000	0.493652279
190700000	0.375204479
190750000	0.302042248
190800000	0.479448579
190850000	0.375641561
190900000	0.357566777
190950000	0.355275054
191000000	0.288282535
191050000	0.453190414
191100000	0.486427502
191150000	0.35611823
191200000	0.293492556
191250000	0.367951781
191300000	0.373996548
191350000	0.280571108
191400000	0.380207345
191450000	0.511991472
191500000	0.163140413
191550000	0.390098904
191600000	0.32564049
191650000	0.03503961
191700000	0.418342095
191750000	0.329519106
191800000	0.254087084
191850000	0.347075927
191900000	0.319837094
191950000	0.363515884
192000000	0.359053521
192050000	0.438475572
192100000	0.343588675
192150000	0.381104392
192200000	0.24746879
192250000	0.504547893
192300000	0.176230495
192350000	0.446887811
192400000	0.468101416
192450000	0.443444829
192500000	0.300444265
192550000	0.353555602
192600000	0.379743674
192650000	0.320849985
192700000	0.30189725
192750000	0.171779413
192800000	0.363758126
192850000	0.392622942
192950000	0.11361219
193050000	0.36453173
193100000	0.24677735
193150000	0.536924184
193250000	0.230592944
193300000	0.408974617
193350000	0.417159579
193400000	0.347364701
193450000	0.404647488
193500000	0.35213035
193550000	0.162162493
193600000	0.301118486
193650000	0.447300025
193700000	0.232205294
193750000	0.498946648
193800000	0.432014121
193850000	0.391797021
193900000	0.332271391
193950000	0.308220753
194000000	0.438665932
194050000	0.400712167
194100000	0.304511045
194150000	0.45642128
194200000	0.415951342
194250000	0.273650725
194300000	0.234478634
194350000	0.336582606
194400000	0.390234179
194450000	0.447448765
194500000	0.352783992
194550000	0.447443387
194600000	0.315981437
194650000	0.383661866
194700000	0.363743982
194750000	0.47348288
194800000	0.570304873
194850000	0.206935715
194900000	0.414370056
194950000	0.360486876
195000000	0.34769341
195050000	0.470365002
195100000	0.347325584
195150000	0.354781212
195200000	0.264458271
195250000	0.349851162
195300000	0.404720848
195350000	0.484985107
195400000	0.56203912
195450000	0.319421236
195550000	0.22103714
195600000	0.443030039
195800000	0.37739674
195850000	0.315679329
195900000	0.509933554
195950000	0.432281795
196050000	0.483991623
196100000	0.345890359
196150000	0.491075349
196200000	0.570749181
196250000	0.428377722
196300000	0.272844123
196350000	0.209403056
196400000	0.566270508
196450000	0.318684678
196500000	0.235715432
196550000	0.189642562
196600000	0.460890188
196650000	0.284074746
196700000	0.374765072
196750000	0.140385117
196800000	0.235835958
196850000	0.337763978
196900000	0.415233076
196950000	0.307525584
197000000	0.398865674
197050000	0.355862436
197100000	0.521172182
197150000	0.342554206
197200000	0.437789428
197250000	0.46266753
197300000	0.44473438
197350000	0.27137682
197400000	0.333593346
197450000	0.392352271
197500000	0.359383848
197550000	0.41168112
197600000	0.514114288
197700000	0.407795888
197750000	0.489263275
197800000	0.325045654
197850000	0.460309309
197900000	0.322508488
197950000	0.172470122
198000000	0.448277419
198050000	0.180223371
198100000	0.090767437
